Date,PLA_weight,TPU_weight,PETG_weight,Mixed_weight,num_students
2025-01-01,54.41849481927224,10.88369896385445,2.17673979277089,41.3580560626469,6
2025-01-02,86.66186480779533,17.332372961559066,3.466474592311813,65.86301725392445,11
2025-01-03,46.10075169094984,9.220150338189969,1.8440300676379937,35.03657128512188,40
2025-01-04,8.524599727981004,1.7049199455962007,0.34098398911924016,6.478695793265563,14
2025-01-05,30.69136156078181,6.138272312156363,1.2276544624312724,23.325434786194176,49
2025-01-06,120.75692233931134,24.151384467862272,4.830276893572454,91.77526097787663,5
2025-01-07,91.9812223156975,18.3962444631395,3.6792488926279,69.9057289599301,9
2025-01-08,25.62524146552897,5.125048293105794,1.0250096586211588,19.475183513802016,31
2025-01-09,36.85717609354167,7.371435218708334,1.4742870437416666,28.011453831091668,37
2025-01-10,133.01750763932097,26.603501527864196,5.320700305572839,101.09330580588394,34
2025-01-11,124.18965316900915,24.837930633801832,4.967586126760366,94.38413640844695,10
2025-01-12,124.95452925592193,24.990905851184387,4.998181170236877,94.96544223450067,27
2025-01-13,24.355767473029076,4.8711534946058155,0.9742306989211631,18.510383279502097,21
2025-01-14,99.40313073047811,19.880626146095622,3.9761252292191247,75.54637935516337,4
2025-01-15,25.609471427160436,5.121894285432088,1.0243788570864174,19.463198284641933,38
2025-01-16,94.23517421321516,18.847034842643033,3.7694069685286067,71.61873240204352,47
2025-01-17,66.1734340160095,13.2346868032019,2.6469373606403797,50.29180985216722,24
2025-01-18,117.17884989368018,23.435769978736037,4.687153995747208,89.05592591919694,28
2025-01-19,139.30591263757827,27.861182527515655,5.572236505503131,105.8724936045595,15
2025-01-20,80.98774208265995,16.19754841653199,3.239509683306398,61.55068398282156,47
2025-01-21,26.11465682050668,5.222931364101337,1.0445862728202673,19.847139183585078,3
2025-01-22,128.66112369852456,25.732224739704915,5.146444947940982,97.78245401087867,2
2025-01-23,109.31248795755045,21.862497591510092,4.372499518302018,83.07749084773835,24
2025-01-24,119.84097399704343,23.96819479940869,4.793638959881737,91.07914023775301,20
2025-01-25,116.59359702911364,23.31871940582273,4.663743881164546,88.61113374212637,20
2025-01-26,108.98299177001485,21.79659835400297,4.359319670800594,82.82707374521128,28
2025-01-27,63.42973880980106,12.685947761960213,2.5371895523920425,48.20660149544881,37
2025-01-28,76.07572046356165,15.21514409271233,3.0430288185424663,57.817547552306856,42
2025-01-29,39.88951515270946,7.977903030541892,1.5955806061083784,30.316031516059187,16
2025-01-30,28.44794381024806,5.689588762049612,1.1379177524099224,21.620437295788527,13
2025-01-31,71.29342175865274,14.25868435173055,2.8517368703461097,54.18300053657608,12
2025-02-01,66.30990507026524,13.261981014053049,2.65239620281061,50.39552785340159,48
2025-02-02,11.1728542293763,2.2345708458752602,0.446914169175052,8.491369214325989,37
2025-02-03,83.07770168308605,16.61554033661721,3.323108067323442,63.139053279145394,19
2025-02-04,4.89964807724196,0.9799296154483921,0.1959859230896784,3.72373253870389,44
2025-02-05,20.21244378700404,4.042488757400808,0.8084977514801617,15.361457278123071,10
2025-02-06,130.31676588476174,26.063353176952347,5.212670635390469,99.04074207241892,41
2025-02-07,38.43597765547759,7.687195531095519,1.5374391062191037,29.21134301816297,18
2025-02-08,53.14650121459667,10.629300242919335,2.1258600485838666,40.391340923093466,40
2025-02-09,2.458210059574519,0.4916420119149038,0.09832840238298075,1.8682396452766343,20
2025-02-10,65.60798522708615,13.12159704541723,2.624319409083446,49.862068772585474,38
2025-02-11,32.86147472432916,6.572294944865833,1.3144589889731666,24.974720790490164,47
2025-02-12,25.041630694030907,5.008326138806182,1.0016652277612363,19.03163932746349,35
2025-02-13,23.355452336806078,4.671090467361216,0.9342180934722432,17.75014377597262,15
2025-02-14,78.5145087418318,15.702901748366362,3.140580349673272,59.671026643792175,1
2025-02-15,83.71376835090385,16.74275367018077,3.348550734036154,63.62246394668693,46
2025-02-16,28.84482332234519,5.768964664469038,1.1537929328938075,21.922065724982343,10
2025-02-17,14.967119034122506,2.9934238068245014,0.5986847613649002,11.375010465933105,37
2025-02-18,56.24894811972438,11.249789623944878,2.2499579247889754,42.74920057099053,37
2025-02-19,114.90954650052723,22.981909300105446,4.596381860021089,87.33125534040069,2
2025-02-20,100.25295574156165,20.050591148312332,4.010118229662466,76.19224636358686,42
2025-02-21,129.51416592457426,25.902833184914854,5.18056663698297,98.43076610267644,13
2025-02-22,90.1711027011665,18.034220540233303,3.6068441080466602,68.53003805288654,40
2025-02-23,46.27533116930061,9.255066233860122,1.8510132467720244,35.16925168866846,20
2025-02-24,15.117005333665343,3.0234010667330686,0.6046802133466137,11.488924053585661,5
2025-02-25,83.2416916106895,16.6483383221379,3.32966766442758,63.26368562412402,14
2025-02-26,62.3712433996565,12.4742486799313,2.4948497359862603,47.40214498373894,10
2025-02-27,29.728073637447444,5.945614727489489,1.1891229454978978,22.593335964460056,40
2025-02-28,54.17500400928551,10.835000801857102,2.1670001603714204,41.17300304705699,6
2025-03-01,80.09403234819963,16.018806469639927,3.2037612939279856,60.871464584631724,32
2025-03-02,74.31574441006295,14.86314888201259,2.972629776402518,56.47996575164784,29
2025-03-03,104.66603590933705,20.933207181867413,4.186641436373482,79.54618729109616,32
2025-03-04,64.31921322244304,12.863842644488608,2.5727685288977216,48.88260204905671,13
2025-03-05,7.436227586421884,1.4872455172843768,0.29744910345687536,5.651532965680632,43
2025-03-06,86.36762383841288,17.273524767682577,3.4547049535365155,65.63939411719379,18
2025-03-07,91.6109824477479,18.32219648954958,3.664439297909916,69.62434666028841,25
2025-03-08,115.47272717532407,23.094545435064816,4.6189090870129625,87.7592726532463,46
2025-03-09,134.3076054696257,26.861521093925145,5.372304218785029,102.07378015691555,8
2025-03-10,109.06145190209988,21.812290380419977,4.362458076083995,82.88670344559591,39
2025-03-11,9.262000521375793,1.8524001042751586,0.37048002085503173,7.039120396245602,35
2025-03-12,39.41002335022687,7.882004670045375,1.576400934009075,29.951617746172424,31
2025-03-13,75.25308936694742,15.050617873389484,3.010123574677897,57.19234791888004,7
2025-03-14,50.84957054638934,10.169914109277869,2.0339828218555733,38.645673615255895,22
2025-03-15,73.72819763137247,14.745639526274495,2.949127905254899,56.033430199843075,2
2025-03-16,83.28171358356666,16.656342716713333,3.3312685433426665,63.29410232351066,16
2025-03-17,80.56154813091366,16.112309626182732,3.2224619252365465,61.226776579494384,46
2025-03-18,137.09988642410661,27.419977284821325,5.483995456964265,104.19591368232103,31
2025-03-19,116.27553559748007,23.255107119496017,4.651021423899203,88.36940705408486,20
2025-03-20,119.1360869726459,23.827217394529182,4.765443478905836,90.54342609921089,4
2025-03-21,48.31011630985848,9.662023261971697,1.9324046523943392,36.71568839549244,44
2025-03-22,40.4538806500176,8.09077613000352,1.6181552260007042,30.744949294013377,1
2025-03-23,58.17447443910917,11.634894887821835,2.326978977564367,44.212600573722966,12
2025-03-24,37.587862376588056,7.517572475317611,1.5035144950635222,28.566775406206922,6
2025-03-25,49.88380445203842,9.976760890407684,1.9953521780815369,37.9116913835492,14
2025-03-26,119.53473547291449,23.9069470945829,4.7813894189165795,90.84639895941501,2
2025-03-27,18.20332459645241,3.6406649192904825,0.7281329838580964,13.834526693303832,25
2025-03-28,74.46684096176891,14.893368192353783,2.9786736384707564,56.594799130944374,9
2025-03-29,95.16824295201056,19.033648590402112,3.8067297180804225,72.32786464352803,29
2025-03-30,23.30942643473479,4.661885286946958,0.9323770573893916,17.71516409039844,28
2025-03-31,91.33380886186563,18.266761772373126,3.6533523544746256,69.41369473501788,10
2025-04-01,11.581697802028303,2.3163395604056607,0.46326791208113216,8.80209032954151,44
2025-04-02,73.52115130289832,14.704230260579664,2.940846052115933,55.876074990202724,10
2025-04-03,104.09047403146555,20.81809480629311,4.163618961258622,79.10876026391382,29
2025-04-04,129.1397812181918,25.827956243638365,5.165591248727672,98.14623372582578,34
2025-04-05,86.67341229904942,17.334682459809883,3.466936491961977,65.87179334727756,11
2025-04-06,118.59922252721071,23.719844505442143,4.7439689010884285,90.13540912068014,6
2025-04-07,61.70478819836414,12.34095763967283,2.468191527934566,46.89563903075675,41
2025-04-08,2.5821604660402335,0.5164320932080467,0.10328641864160934,1.9624419541905775,3
2025-04-09,46.154199760036164,9.230839952007234,1.8461679904014465,35.07719181762749,12
2025-04-10,125.81152656114303,25.162305312228607,5.032461062445721,95.6167601864687,26
2025-04-11,40.20029474462319,8.040058948924639,1.6080117897849278,30.552224005913626,15
2025-04-12,131.6836279238842,26.33672558477684,5.267345116955368,100.07955722215199,40
2025-04-13,68.11543387469902,13.623086774939805,2.724617354987961,51.76772974477126,4
2025-04-14,89.49350515593405,17.89870103118681,3.579740206237362,68.01506391850988,21
2025-04-15,114.42398300735864,22.88479660147173,4.576959320294346,86.96222708559257,8
2025-04-16,93.47780799867218,18.695561599734436,3.739112319946887,71.04313407899086,27
2025-04-17,68.3413196812989,13.66826393625978,2.733652787251956,51.939402957787166,31
2025-04-18,89.87790610955,17.97558122191,3.595116244382,68.307208643258,24
2025-04-19,47.05037064881858,9.410074129763716,1.8820148259527432,35.75828169310212,34
2025-04-20,55.98782157261707,11.197564314523415,2.2395128629046828,42.55074439518898,46
2025-04-21,112.99071104488178,22.598142208976356,4.5196284417952715,85.87294039411015,40
2025-04-22,94.8854371787922,18.977087435758442,3.7954174871516884,72.11293225588207,4
2025-04-23,102.43904348751968,20.487808697503937,4.0975617395007875,77.85367305051496,49
2025-04-24,27.60017345955228,5.520034691910457,1.1040069383820912,20.976131829259735,43
2025-04-25,92.71320740754174,18.54264148150835,3.7085282963016697,70.46203762973173,0
2025-04-26,43.751551897465276,8.750310379493056,1.7500620758986112,33.251179442073614,21
2025-04-27,126.20653183921702,25.241306367843407,5.048261273568681,95.91696419780494,49
2025-04-28,112.41855225958817,22.483710451917634,4.496742090383527,85.438099717287,27
2025-04-29,44.15619669485365,8.83123933897073,1.766247867794146,33.55870948808877,42
2025-04-30,24.37242864375489,4.874485728750979,0.9748971457501956,18.523045769253716,1
2025-05-01,51.52891144568,10.305782289136001,2.0611564578272,39.1619726987168,38
2025-05-02,122.52932260326884,24.50586452065377,4.901172904130753,93.12228517848432,39
2025-05-03,48.20583360121919,9.641166720243838,1.9282333440487676,36.63643353692658,49
2025-05-04,63.92766973683371,12.785533947366742,2.557106789473348,48.58502899999362,8
2025-05-05,7.661079388252235,1.532215877650447,0.3064431755300894,5.8224203350716985,32
2025-05-06,82.18010468367764,16.436020936735527,3.287204187347106,62.45687955959501,47
2025-05-07,128.77527092637015,25.755054185274034,5.151010837054806,97.86920590404132,47
2025-05-08,127.90926064914663,25.58185212982933,5.116370425965865,97.21103809335145,7
2025-05-09,99.26447464185013,19.852894928370027,3.9705789856740052,75.4410007278061,27
2025-05-10,17.39434711606625,3.47886942321325,0.69577388464265,13.21970380821035,1
2025-05-11,41.78204730877111,8.356409461754223,1.6712818923508446,31.754355954666046,5
2025-05-12,135.5587826261779,27.11175652523558,5.422351305047116,103.02467479589521,49
2025-05-13,8.28719923386812,1.6574398467736242,0.33148796935472485,6.298271417739771,8
2025-05-14,94.91616435337549,18.9832328706751,3.79664657413502,72.13628490856537,41
2025-05-15,41.75363581788876,8.350727163577751,1.6701454327155503,31.732763221595455,37
2025-05-16,133.67235921935676,26.734471843871354,5.3468943687742705,101.59099300671114,11
2025-05-17,108.48593200649532,21.697186401299064,4.339437280259813,82.44930832493644,38
2025-05-18,24.776560307713293,4.955312061542659,0.9910624123085318,18.830185833862103,18
2025-05-19,51.74508878938224,10.349017757876448,2.0698035515752897,39.3262674799305,41
2025-05-20,129.2524274516104,25.850485490322082,5.170097098064416,98.23184486322391,31
2025-05-21,66.65135799560205,13.330271599120412,2.6660543198240823,50.65503207665756,13
2025-05-22,91.28065753083023,18.256131506166046,3.651226301233209,69.37329972343097,45
2025-05-23,42.70733783158026,8.541467566316053,1.7082935132632104,32.457576752000996,3
2025-05-24,94.84174559809956,18.968349119619912,3.7936698239239828,72.07972665455567,47
2025-05-25,77.32084557370284,15.464169114740569,3.092833822948114,58.76384263601416,25
2025-05-26,92.08622592025601,18.417245184051204,3.6834490368102406,69.98553169939457,28
2025-05-27,22.99938792924061,4.599877585848122,0.9199755171696243,17.479534826222864,23
2025-05-28,140.09463767550315,28.01892753510063,5.603785507020127,106.4719246333824,33
2025-05-29,101.94670743421116,20.389341486842234,4.077868297368447,77.47949765000048,21
2025-05-30,135.9706292063462,27.19412584126924,5.438825168253848,103.3376781968231,10
2025-05-31,98.93954871403315,19.787909742806633,3.957581948561326,75.19405702266519,34
2025-06-01,30.035957320811544,6.007191464162309,1.2014382928324618,22.827327563816773,0
2025-06-02,100.44836686823606,20.089673373647216,4.017934674729442,76.34075881985942,20
2025-06-03,105.20183687746074,21.04036737549215,4.20807347509843,79.95339602687017,29
2025-06-04,85.0554377077976,17.01108754155952,3.402217508311904,64.64213265792617,35
2025-06-05,132.8423897593299,26.568477951865983,5.313695590373197,100.96021621709073,28
2025-06-06,7.491119839707396,1.4982239679414793,0.2996447935882959,5.693251078177621,12
2025-06-07,75.58236058634823,15.116472117269646,3.023294423453929,57.44259404562465,8
2025-06-08,9.306908350710057,1.8613816701420114,0.37227633402840227,7.073250346539643,46
2025-06-09,128.16142125234902,25.632284250469805,5.126456850093961,97.40268015178525,28
2025-06-10,45.737639611615265,9.147527922323054,1.8295055844646106,34.7606061048276,35
2025-06-11,54.25653046464908,10.851306092929818,2.170261218585963,41.2349631531333,23
2025-06-12,14.909537084848065,2.981907416969613,0.5963814833939226,11.33124818448453,9
2025-06-13,66.64707781148348,13.329415562296697,2.6658831124593396,50.65177913672745,15
2025-06-14,102.93991479660895,20.587982959321792,4.117596591864358,78.2343352454228,26
2025-06-15,21.692261296795902,4.3384522593591806,0.8676904518718361,16.486118585564885,49
2025-06-16,4.99881497948463,0.999762995896926,0.19995259917938518,3.7990993844083185,44
2025-06-17,46.78388011003863,9.356776022007727,1.8713552044015453,35.55574888362936,13
2025-06-18,71.3284256837162,14.265685136743242,2.853137027348648,54.20960351962432,37
2025-06-19,79.96562752641906,15.993125505283812,3.1986251010567623,60.773876920078486,46
2025-06-20,107.71459423611121,21.542918847222243,4.308583769444448,81.86309161944452,1
2025-06-21,48.42989095515416,9.685978191030832,1.9371956382061664,36.80671712591716,11
2025-06-22,103.05235064664497,20.610470129328995,4.122094025865799,78.31978649145017,7
2025-06-23,135.82283183969093,27.16456636793819,5.432913273587637,103.22535219816511,43
2025-06-24,106.41989820462811,21.283979640925622,4.256795928185125,80.87912263551736,14
2025-06-25,87.40494248490894,17.48098849698179,3.4961976993963577,66.4277562885308,18
2025-06-26,5.906893557467972,1.1813787114935945,0.2362757422987189,4.489239103675659,1
2025-06-27,130.07330106692197,26.014660213384396,5.202932042676879,98.8557088108607,30
2025-06-28,79.61021391694723,15.922042783389447,3.1844085566778895,60.50376257687989,41
2025-06-29,80.51057945922267,16.102115891844534,3.220423178368907,61.18804038900923,11
2025-06-30,100.6993938755424,20.139878775108482,4.027975755021696,76.53153934541223,41
2025-07-01,117.11311925444704,23.42262385088941,4.684524770177882,89.00597063337975,24
2025-07-02,99.07374012675602,19.814748025351207,3.962949605070241,75.29604249633458,23
2025-07-03,128.5269413982005,25.705388279640104,5.1410776559280205,97.68047546263239,15
2025-07-04,90.20147705537775,18.04029541107555,3.60805908221511,68.5531225620871,27
2025-07-05,8.359405603339948,1.6718811206679896,0.3343762241335979,6.3531482585383605,39
2025-07-06,2.048825924644245,0.40976518492884906,0.0819530369857698,1.5571077027296263,14
2025-07-07,36.30686749582991,7.261373499165983,1.4522746998331966,27.593219296830735,41
2025-07-08,113.9072156434749,22.78144312869498,4.556288625738996,86.56948388904092,38
2025-07-09,97.60261742845788,19.520523485691577,3.9041046971383153,74.17798924562798,2
2025-07-10,57.830325182647144,11.56606503652943,2.313213007305886,43.95104713881183,3
2025-07-11,78.92466415011447,15.784932830022894,3.1569865660045786,59.982744754086994,26
2025-07-12,67.92244383609055,13.584488767218112,2.716897753443622,51.62105731542882,29
2025-07-13,124.76674307564923,24.953348615129848,4.990669723025969,94.82272473749342,37
2025-07-14,115.03496789168811,23.006993578337624,4.601398715667525,87.42657559768297,43
2025-07-15,42.82743856565809,8.565487713131619,1.7130975426263237,32.54885330990015,20
2025-07-16,100.7381238640954,20.147624772819082,4.029524954563816,76.5609741367125,34
2025-07-17,93.14413672543502,18.628827345087004,3.725765469017401,70.78954391133061,1
2025-07-18,114.0422456637589,22.808449132751782,4.5616898265503565,86.67210670445677,39
2025-07-19,127.44504582751176,25.489009165502353,5.097801833100471,96.85823482890893,33
2025-07-20,100.87923814278554,20.175847628557108,4.035169525711422,76.668220988517,25
2025-07-21,103.19409230264729,20.63881846052946,4.127763692105892,78.42751015001194,42
2025-07-22,7.38526492833429,1.477052985666858,0.2954105971333716,5.61280134553406,21
2025-07-23,113.12734074103741,22.625468148207485,4.525093629641496,85.97677896318844,8
2025-07-24,133.65384138460578,26.730768276921157,5.3461536553842315,101.5769194523004,11
2025-07-25,62.63939875498765,12.527879750997531,2.505575950199506,47.60594305379062,37
2025-07-26,68.76462684302314,13.752925368604629,2.7505850737209254,52.26111640069759,24
2025-07-27,109.99353294290843,21.998706588581687,4.399741317716337,83.59508503661041,16
2025-07-28,78.99587701816054,15.799175403632109,3.1598350807264217,60.03686653380201,35
2025-07-29,107.43236566703654,21.48647313340731,4.297294626681461,81.64859790694777,7
2025-07-30,38.20366501507086,7.640733003014173,1.5281466006028346,29.034785411453853,39
2025-07-31,121.72032228056801,24.344064456113603,4.868812891222721,92.5074449332317,14
2025-08-01,80.07994919479437,16.015989838958873,3.2031979677917746,60.86076138804372,14
2025-08-02,48.2885560943767,9.657711218875342,1.9315422437750682,36.6993026317263,23
2025-08-03,110.26432128668097,22.052864257336196,4.410572851467239,83.80088417787753,42
2025-08-04,51.162577433253745,10.23251548665075,2.0465030973301497,38.883558849272845,40
2025-08-05,74.75028918353573,14.950057836707145,2.9900115673414294,56.810219779487156,39
2025-08-06,127.77132837842748,25.5542656756855,5.110853135137099,97.10620956760489,28
2025-08-07,84.00811317301034,16.80162263460207,3.360324526920414,63.84616601148786,28
2025-08-08,46.48501349131128,9.297002698262256,1.8594005396524511,35.32861025339657,38
2025-08-09,87.2136629013429,17.44273258026858,3.488546516053716,66.2823838050206,40
2025-08-10,87.62707993481692,17.525415986963385,3.505083197392677,66.59658075046086,9
2025-08-11,34.58555799040162,6.917111598080324,1.3834223196160647,26.28502407270523,11
2025-08-12,53.68879050259911,10.737758100519823,2.1475516201039646,40.803480781975324,41
2025-08-13,140.12546693611273,28.025093387222547,5.60501867744451,106.49535487144567,24
2025-08-14,64.83408299018198,12.966816598036397,2.5933633196072794,49.27390307253831,13
2025-08-15,140.92161329379414,28.18432265875883,5.636864531751765,107.10042610328355,47
2025-08-16,36.248299912334694,7.249659982466939,1.4499319964933879,27.548707933374367,35
2025-08-17,71.5419105244589,14.30838210489178,2.861676420978356,54.37185199858877,21
2025-08-18,35.315147889401004,7.063029577880201,1.4126059155760402,26.839512395944762,41
2025-08-19,97.55345228525846,19.510690457051695,3.9021380914103383,74.14062373679643,45
2025-08-20,7.3606490482956675,1.4721298096591335,0.2944259619318267,5.594093276704707,18
2025-08-21,28.91388000664183,5.782776001328366,1.1565552002656732,21.97454880504779,12
2025-08-22,60.01337115710416,12.002674231420833,2.4005348462841662,45.61016207939916,1
2025-08-23,130.15737221192484,26.03147444238497,5.206294888476994,98.91960288106287,16
2025-08-24,4.2369168069004415,0.8473833613800883,0.16947667227601768,3.2200567732443357,49
2025-08-25,65.04203844639052,13.008407689278105,2.601681537855621,49.43194921925679,38
2025-08-26,16.333296526657637,3.266659305331528,0.6533318610663055,12.413305360259805,26
2025-08-27,44.26223745059382,8.852447490118765,1.7704894980237529,33.6393004624513,1
2025-08-28,81.45718151592266,16.291436303184533,3.2582872606369064,61.90745795210122,22
2025-08-29,29.619798807879505,5.923959761575901,1.1847919523151802,22.511047093988424,23
2025-08-30,7.829765344527925,1.5659530689055852,0.313190613781117,5.9506216618412235,1
2025-08-31,36.0980637599752,7.21961275199504,1.4439225503990079,27.434528457581152,32
2025-09-01,92.58078257440442,18.516156514880887,3.703231302976177,70.36139475654737,19
2025-09-02,110.79936352541328,22.15987270508266,4.431974541016531,84.20751627931409,1
2025-09-03,84.17238114100847,16.834476228201694,3.366895245640339,63.97100966716644,29
2025-09-04,107.07959832665658,21.415919665331316,4.2831839330662635,81.380494728259,23
2025-09-05,115.39382175752192,23.078764351504386,4.615752870300877,87.69930453571666,39
2025-09-06,141.3082551949605,28.261651038992103,5.65233020779842,107.39427394816998,22
2025-09-07,79.58484816043763,15.916969632087527,3.183393926417505,60.4844846019326,28
2025-09-08,104.36340597581865,20.872681195163732,4.174536239032746,79.31618854162218,42
2025-09-09,43.1248407792208,8.62496815584416,1.7249936311688319,32.7748789922078,46
2025-09-10,57.40405228315146,11.480810456630293,2.2961620913260585,43.62707973519511,24
2025-09-11,106.9893086468102,21.39786172936204,4.279572345872408,81.31187457157576,38
2025-09-12,43.204421405230946,8.640884281046189,1.7281768562092379,32.83536026797552,13
2025-09-13,140.22691066849006,28.045382133698013,5.609076426739603,106.57245210805245,3
2025-09-14,10.045805879432644,2.0091611758865286,0.40183223517730576,7.63481246836881,11
2025-09-15,4.765998517889671,0.9531997035779343,0.19063994071558685,3.6221588735961503,33
2025-09-16,114.83727727889854,22.96745545577971,4.593491091155942,87.27633073196289,28
2025-09-17,40.22363118316309,8.044726236632618,1.6089452473265238,30.569959699203952,7
2025-09-18,80.76981159361213,16.153962318722428,3.2307924637444856,61.38505681114522,41
2025-09-19,35.97479607902165,7.194959215804331,1.4389918431608661,27.340845020056456,2
2025-09-20,98.18170559129646,19.636341118259296,3.9272682236518586,74.61809624938532,9
2025-09-21,23.505163329880073,4.701032665976014,0.940206533195203,17.863924130708856,32
2025-09-22,3.391758119281935,0.678351623856387,0.13567032477127738,2.5777361706542705,22
2025-09-23,124.16786923161362,24.833573846322725,4.966714769264545,94.36758061602636,9
2025-09-24,124.09375579264324,24.81875115852865,4.963750231705729,94.31125440240886,7
2025-09-25,124.40529881316864,24.88105976263373,4.976211952526746,94.54802709800816,42
2025-09-26,69.5135703511772,13.90271407023544,2.7805428140470876,52.830313466894665,7
2025-09-27,36.36386516375942,7.272773032751885,1.454554606550377,27.63653752445716,23
2025-09-28,119.94965863322489,23.98993172664498,4.7979863453289955,91.16174056125091,43
2025-09-29,107.92612444333831,21.585224888667664,4.3170449777335325,82.02385457693711,27
2025-09-30,132.64782534486017,26.529565068972033,5.305913013794407,100.81234726209372,49
2025-10-01,79.6338587643821,15.92677175287642,3.185354350575284,60.5217326609304,41
2025-10-02,17.033625934846313,3.406725186969263,0.6813450373938525,12.945555710483198,18
2025-10-03,42.39693983560519,8.479387967121038,1.6958775934242076,32.22167427505995,27
2025-10-04,56.296303844500684,11.259260768900138,2.2518521537800273,42.78519092182052,34
2025-10-05,82.70204723077069,16.54040944615414,3.3080818892308277,62.853555895385725,7
2025-10-06,18.03676935060583,3.607353870121166,0.7214707740242332,13.707944706460431,46
2025-10-07,80.53485039107836,16.106970078215674,3.221394015643135,61.206486297219556,24
2025-10-08,93.05245632818402,18.610491265636806,3.7220982531273608,70.71986680941986,37
2025-10-09,117.68207629877169,23.53641525975434,4.707283051950868,89.43837798706649,36
2025-10-10,101.94568630610311,20.389137261220625,4.077827452244125,77.47872159263837,30
2025-10-11,9.102296126175197,1.8204592252350396,0.3640918450470079,6.91774505589315,19
2025-10-12,101.09162876238572,20.218325752477146,4.043665150495429,76.82963785941315,39
2025-10-13,12.062686546939966,2.4125373093879934,0.4825074618775987,9.167641775674374,47
2025-10-14,23.8607747976513,4.77215495953026,0.954430991906052,18.134188846214986,8
2025-10-15,17.090162775309828,3.418032555061966,0.6836065110123931,12.98852370923547,20
2025-10-16,32.58637911906822,6.517275823813645,1.3034551647627288,24.765648130491847,6
2025-10-17,51.57099965758163,10.314199931516328,2.062839986303265,39.19395973976204,40
2025-10-18,104.9981320886466,20.99962641772932,4.1999252835458645,79.79858038737142,16
2025-10-19,21.820189623224504,4.364037924644901,0.8728075849289801,16.58334411365062,39
2025-10-20,58.151758346441234,11.630351669288247,2.3260703338576496,44.19533634329534,3
2025-10-21,109.58864111554709,21.91772822310942,4.383545644621884,83.2873672478158,12
2025-10-22,40.455812254602684,8.091162450920537,1.6182324901841074,30.74641731349804,22
2025-10-23,26.228287218341944,5.245657443668389,1.0491314887336778,19.933498285939876,45
2025-10-24,80.13029271934316,16.026058543868633,3.2052117087737266,60.8990224667008,38
2025-10-25,136.785126804965,27.357025360993,5.4714050721986,103.95669637177339,23
2025-10-26,112.74868440978555,22.549736881957113,4.509947376391422,85.68900015143703,45
2025-10-27,126.06922584311437,25.213845168622875,5.042769033724575,95.81261164076692,8
2025-10-28,12.90530983677215,2.58106196735443,0.516212393470886,9.808035475946834,22
2025-10-29,135.04262768722413,27.008525537444825,5.401705107488965,102.63239704229034,3
2025-10-30,19.498581795141938,3.8997163590283876,0.7799432718056776,14.818922164307873,33
2025-10-31,25.154276067619275,5.030855213523855,1.006171042704771,19.11724981139065,6
2025-11-01,12.780755618614064,2.556151123722813,0.5112302247445626,9.713374270146689,6
2025-11-02,114.60318986866159,22.92063797373232,4.584127594746463,87.09842430018281,49
2025-11-03,15.611951325842465,3.122390265168493,0.6244780530336986,11.865083007640274,45
2025-11-04,22.071816257709358,4.414363251541872,0.8828726503083744,16.77458035585911,12
2025-11-05,57.276995667654376,11.455399133530875,2.291079826706175,43.53051670741733,40
2025-11-06,53.10479361904114,10.62095872380823,2.1241917447616454,40.359643150471264,45
2025-11-07,36.64921446635303,7.329842893270606,1.4659685786541212,27.853402994428304,44
2025-11-08,83.19341333881846,16.638682667763693,3.3277365335527382,63.22699413750203,48
2025-11-09,104.53836114466742,20.907672228933485,4.1815344457866965,79.44915446994725,35
2025-11-10,72.48476140458844,14.49695228091769,2.8993904561835375,55.08841866748722,40
2025-11-11,111.05353501292632,22.210707002585266,4.442141400517053,84.400686609824,49
2025-11-12,28.616993147931034,5.723398629586207,1.1446797259172414,21.748914792427584,47
2025-11-13,52.72932536252691,10.545865072505382,2.1091730145010765,40.07428727552045,43
2025-11-14,74.88197445933804,14.976394891867608,2.9952789783735216,56.91030058909691,34
2025-11-15,80.55636906124477,16.111273812248953,3.222254762449791,61.222840486546026,26
2025-11-16,74.92315444746154,14.984630889492308,2.996926177898462,56.941597380070775,37
2025-11-17,98.33366057182087,19.666732114364176,3.9333464228728348,74.73358203458386,35
2025-11-18,107.53197686498612,21.506395372997225,4.301279074599445,81.72430241738945,47
2025-11-19,3.2456446114048423,0.6491289222809685,0.1298257844561937,2.46668990466768,40
2025-11-20,72.00218048275936,14.400436096551871,2.8800872193103744,54.72165716689711,21
2025-11-21,45.529181772688915,9.105836354537784,1.8211672709075566,34.60217814724358,13
2025-11-22,104.67703079934182,20.935406159868364,4.187081231973673,79.55454340749978,32
2025-11-23,14.135115007952638,2.8270230015905278,0.5654046003181056,10.742687406044006,41
2025-11-24,67.39269545373884,13.478539090747768,2.6957078181495535,51.218448544841515,1
2025-11-25,130.98319465338588,26.196638930677178,5.239327786135435,99.54722793657326,47
2025-11-26,92.85910037502623,18.571820075005245,3.714364015001049,70.57291628501993,5
2025-11-27,77.38042644081152,15.476085288162304,3.095217057632461,58.809124095016756,28
2025-11-28,39.720097303532626,7.944019460706525,1.588803892141305,30.187273950684794,19
2025-11-29,74.49313257262206,14.898626514524413,2.9797253029048822,56.61478075519277,45
2025-11-30,39.190872128268154,7.838174425653631,1.5676348851307262,29.785062817483798,7
2025-12-01,123.0390997799563,24.60781995599126,4.921563991198252,93.50971583276679,41
2025-12-02,43.01049013771404,8.602098027542807,1.7204196055085614,32.68797250466267,10
2025-12-03,62.78513333336641,12.557026666673282,2.5114053333346567,47.71670133335847,4
2025-12-04,86.36266899480685,17.272533798961373,3.4545067597922743,65.63562843605321,20
2025-12-05,54.86687894924059,10.97337578984812,2.1946751579696238,41.698828001422854,42
2025-12-06,40.296998753830735,8.059399750766147,1.6118799501532295,30.62571905291136,3
2025-12-07,91.42262389693809,18.28452477938762,3.6569049558775237,69.48119416167295,28
2025-12-08,65.10555693919791,13.021111387839582,2.6042222775679167,49.480223273790415,9
2025-12-09,122.03435624519504,24.40687124903901,4.881374249807802,92.74611074634824,25
2025-12-10,92.20012832556742,18.440025665113485,3.688005133022697,70.07209752743124,14
2025-12-11,91.74038220867821,18.348076441735643,3.6696152883471287,69.72269047859544,49
2025-12-12,1.1682327220853388,0.23364654441706778,0.046729308883413555,0.8878568687848575,29
2025-12-13,108.24403404103487,21.648806808206974,4.329761361641395,82.26546587118649,31
2025-12-14,64.39195302167583,12.878390604335166,2.575678120867033,48.937884296473634,17
2025-12-15,25.284380625497246,5.05687612509945,1.0113752250198897,19.216129275377906,5
2025-12-16,89.861959479818,17.9723918959636,3.59447837919272,68.29508920466168,22
2025-12-17,6.954534752498423,1.3909069504996847,0.2781813900999369,5.285446411898802,20
2025-12-18,28.15052124543854,5.630104249087708,1.1260208498175417,21.39439614653329,19
2025-12-19,21.323889120609547,4.26477782412191,0.8529555648243818,16.206155731663255,44
2025-12-20,49.8595874470015,9.971917489400301,1.99438349788006,37.89328645972114,6
2025-12-21,77.42101917893243,15.484203835786486,3.096840767157297,58.83997457598864,9
2025-12-22,96.08896459038081,19.217792918076164,3.8435585836152324,73.02761308868942,34
2025-12-23,19.70788239366793,3.941576478733586,0.7883152957467172,14.977990619187628,9
2025-12-24,112.89102578889852,22.578205157779706,4.5156410315559405,85.79717959956288,13
2025-12-25,118.56036878111009,23.71207375622202,4.742414751244404,90.10588027364366,19
2025-12-26,98.72148016872076,19.744296033744153,3.9488592067488306,75.02832492822778,3
2025-12-27,21.550550273466694,4.310110054693339,0.8620220109386678,16.378418207834688,2
2025-12-28,99.73980256534057,19.947960513068114,3.989592102613623,75.80224994965883,21
2025-12-29,49.430139379174534,9.886027875834907,1.9772055751669815,37.566905928172645,14
2025-12-30,48.91515320335495,9.78303064067099,1.956606128134198,37.17551643454976,43
2025-12-31,139.7819707253148,27.956394145062962,5.591278829012593,106.23429775123925,32
2026-01-01,41.89627968582605,8.37925593716521,1.6758511874330422,31.8411725612278,18
2026-01-02,42.2267446931464,8.44534893862928,1.689069787725856,32.092325966791265,32
2026-01-03,37.38781319501075,7.477562639002151,1.49551252780043,28.41473802820817,33
2026-01-04,136.24658767758834,27.24931753551767,5.449863507103534,103.54740663496713,24
2026-01-05,80.20048529515398,16.040097059030796,3.208019411806159,60.95236882431703,32
2026-01-06,131.1672868470673,26.233457369413458,5.2466914738826915,99.68713800377114,3
2026-01-07,64.68866007149325,12.93773201429865,2.5875464028597297,49.16338165433487,4
2026-01-08,108.08491788278167,21.616983576556336,4.323396715311267,82.14453759091407,15
2026-01-09,9.469750652153694,1.893950130430739,0.37879002608614776,7.197010495636808,25
2026-01-10,30.23665859652365,6.04733171930473,1.209466343860946,22.979860533357975,39
2026-01-11,41.954155732702986,8.390831146540597,1.6781662293081194,31.88515835685427,24
2026-01-12,6.3497689472283705,1.2699537894456743,0.25399075788913483,4.825824399893562,23
2026-01-13,116.68272371214393,23.336544742428785,4.667308948485757,88.67887002122939,33
2026-01-14,32.14516602127683,6.429033204255366,1.285806640851073,24.43032617617039,28
2026-01-15,137.84724656830406,27.56944931366081,5.513889862732163,104.76390739191109,44
2026-01-16,139.92774217833093,27.98554843566619,5.597109687133237,106.34508405553152,7
2026-01-17,2.009285510486061,0.40185710209721226,0.08037142041944245,1.5270569879694065,26
2026-01-18,95.45420626373755,19.09084125274751,3.818168250549502,72.54519676044053,33
2026-01-19,63.91417930589473,12.782835861178945,2.556567172235789,48.574776272479994,23
2026-01-20,115.82831015177584,23.16566203035517,4.6331324060710335,88.02951571534963,46
2026-01-21,78.34109967845197,15.668219935690395,3.133643987138079,59.539235755623494,1
2026-01-22,130.70892618963427,26.141785237926854,5.228357047585371,99.33878390412204,18
2026-01-23,122.77735760647501,24.555471521295004,4.9110943042590005,93.31079178092101,45
2026-01-24,24.944794309702118,4.988958861940424,0.9977917723880847,18.95804367537361,37
2026-01-25,130.1706351455845,26.034127029116902,5.20682540582338,98.92968271064422,40
2026-01-26,41.901379458549286,8.380275891709857,1.6760551783419715,31.845048388497457,24
2026-01-27,113.97846986335067,22.795693972670136,4.559138794534027,86.62363709614651,4
2026-01-28,136.1433493001607,27.22866986003214,5.445733972006429,103.46894546812214,19
2026-01-29,87.02050024160894,17.40410004832179,3.480820009664358,66.13558018362279,28
2026-01-30,21.001292223496602,4.200258444699321,0.8400516889398641,15.960982089857417,21
2026-01-31,111.58177583261563,22.316355166523127,4.4632710333046255,84.80214963278789,20
2026-02-01,105.59644113214804,21.11928822642961,4.223857645285922,80.25329526043251,26
2026-02-02,93.0425437790768,18.60850875581536,3.7217017511630717,70.71233327209836,17
2026-02-03,114.29764286098167,22.859528572196336,4.571905714439267,86.86620857434608,0
2026-02-04,51.657561701258786,10.331512340251757,2.0663024680503517,39.25974689295668,37
2026-02-05,10.912992649832209,2.182598529966442,0.4365197059932884,8.293874413872478,3
2026-02-06,45.13581315270091,9.027162630540182,1.8054325261080366,34.303217996052695,37
2026-02-07,93.7434977143983,18.74869954287966,3.749739908575932,71.2450582629427,6
2026-02-08,55.629011266019305,11.125802253203862,2.225160450640772,42.278048562174675,14
2026-02-09,104.06588786649716,20.813177573299434,4.162635514659887,79.09007477853784,29
2026-02-10,83.49308410126277,16.698616820252553,3.339723364050511,63.45474391695971,15
2026-02-11,36.53893886130219,7.307787772260439,1.4615575544520878,27.769593534589667,33
2026-02-12,81.2666446535338,16.25332893070676,3.250665786141352,61.76264993668569,8
2026-02-13,84.55605096310411,16.911210192620825,3.3822420385241645,64.26259873195913,14
2026-02-14,96.93113695999105,19.38622739199821,3.877245478399642,73.6676640895932,3
2026-02-15,8.802904274155807,1.7605808548311614,0.3521161709662323,6.690207248358414,38
2026-02-16,32.845686081022414,6.569137216204483,1.3138274432408965,24.962721421577037,11
2026-02-17,90.07576304948834,18.01515260989767,3.6030305219795338,68.45757991761114,17
2026-02-18,108.44524476574489,21.68904895314898,4.337809790629795,82.41838602196611,22
2026-02-19,75.52557559214343,15.105115118428685,3.021023023685737,57.399437450029005,48
2026-02-20,106.76191725894397,21.352383451788796,4.270476690357759,81.13905711679742,9
2026-02-21,132.71445754204456,26.542891508408914,5.3085783016817825,100.86298773195387,28
2026-02-22,61.743383065654584,12.348676613130918,2.4697353226261836,46.924971129897486,27
2026-02-23,131.9286490959778,26.38572981919556,5.277145963839112,100.26577331294313,18
2026-02-24,77.71017746503236,15.542035493006473,3.1084070986012944,59.059734873424595,47
2026-02-25,58.04909113526943,11.609818227053886,2.321963645410777,44.11730926280477,28
2026-02-26,57.172127086950525,11.434425417390106,2.286885083478021,43.4508165860824,7
2026-02-27,29.238593564163875,5.8477187128327754,1.169543742566555,22.221331108764545,1
2026-02-28,91.19325411421873,18.23865082284375,3.6477301645687494,69.30687312680624,20
2026-03-01,28.86577742684194,5.773155485368388,1.1546310970736777,21.937990844399874,34
2026-03-02,90.97111646601319,18.194223293202636,3.6388446586405276,69.13804851417002,26
2026-03-03,4.930435375082097,0.9860870750164195,0.19721741500328388,3.747130885062394,44
2026-03-04,125.76473781709807,25.152947563419616,5.030589512683923,95.58120074099453,32
2026-03-05,37.77715717492139,7.555431434984278,1.5110862869968558,28.710639452940256,11
2026-03-06,62.54380965618064,12.50876193123613,2.5017523862472255,47.533295338697286,32
2026-03-07,46.40964479493182,9.281928958986365,1.8563857917972728,35.271330044148186,44
2026-03-08,91.54121915732843,18.308243831465685,3.661648766293137,69.5713265595696,43
2026-03-09,64.5672829782161,12.91345659564322,2.582691319128644,49.07113506344424,44
2026-03-10,4.266427271194403,0.8532854542388807,0.17065709084777614,3.2424847261077465,36
2026-03-11,28.53081351110225,5.70616270222045,1.14123254044409,21.68341826843771,39
2026-03-12,109.67374353977239,21.93474870795448,4.386949741590896,83.35204509022702,2
2026-03-13,81.8122054127854,16.36244108255708,3.272488216511416,62.17727611371691,27
2026-03-14,96.9754197026313,19.395083940526263,3.879016788105252,73.70131897399979,42
2026-03-15,60.53915238848213,12.107830477696426,2.4215660955392853,46.00975581524642,8
2026-03-16,63.32094321339289,12.664188642678578,2.5328377285357155,48.123916842178595,45
2026-03-17,108.34588285463887,21.669176570927775,4.3338353141855555,82.34287096952555,9
2026-03-18,134.64064189618475,26.928128379236952,5.38562567584739,102.32688784110042,31
2026-03-19,68.74232770157833,13.748465540315667,2.7496931080631333,52.244169053199535,0
2026-03-20,138.95620324131312,27.791240648262626,5.558248129652525,105.60671446339798,49
2026-03-21,2.343134263130088,0.4686268526260176,0.09372537052520352,1.780782039978867,47
2026-03-22,117.79439625326822,23.558879250653646,4.711775850130729,89.52374115248385,21
2026-03-23,127.2972090695723,25.459441813914463,5.091888362782893,96.74587889287496,39
2026-03-24,25.02579201081343,5.005158402162686,1.0010316804325372,19.019601928218208,21
2026-03-25,82.75937049164435,16.55187409832887,3.310374819665774,62.897121573649706,49
2026-03-26,112.41186941461409,22.48237388292282,4.496474776584564,85.43302075510671,13
2026-03-27,57.20943506482016,11.441887012964033,2.2883774025928068,43.479170649263324,38
2026-03-28,34.689527817865866,6.937905563573174,1.3875811127146347,26.36404114157806,14
2026-03-29,28.35889959813873,5.671779919627746,1.1343559839255493,21.552763694585437,8
2026-03-30,19.21353261517545,3.84270652303509,0.768541304607018,14.60228478753334,33
2026-03-31,44.80104838974328,8.960209677948656,1.7920419355897312,34.048796776204895,43
2026-04-01,88.42385382172469,17.68477076434494,3.536954152868988,67.20212890451077,20
2026-04-02,89.50717108177442,17.901434216354883,3.5802868432709767,68.02545002214856,9
2026-04-03,115.31472352122599,23.062944704245197,4.612588940849039,87.63918987613175,21
2026-04-04,30.16321509186686,6.032643018373372,1.2065286036746745,22.924043469818812,45
2026-04-05,36.64704130588542,7.329408261177085,1.465881652235417,27.851751392472924,25
2026-04-06,137.70498790894115,27.540997581788233,5.508199516357646,104.65579081079528,8
2026-04-07,95.3673710256488,19.07347420512976,3.814694841025952,72.47920197949308,47
2026-04-08,28.000562621131326,5.600112524226265,1.120022504845253,21.28042759205981,32
2026-04-09,17.47455779594886,3.4949115591897724,0.6989823118379545,13.280663924921134,1
2026-04-10,75.73651316724431,15.147302633448863,3.0294605266897725,57.55975000710568,4
2026-04-11,36.803079231521636,7.360615846304327,1.4721231692608654,27.970340215956444,47
2026-04-12,30.328205552032713,6.065641110406543,1.2131282220813087,23.049436219544862,29
2026-04-13,15.227630230479464,3.045526046095893,0.6091052092191785,11.572998975164394,39
2026-04-14,136.6279200316769,27.32558400633538,5.465116801267076,103.83721922407445,11
2026-04-15,13.67322092184957,2.7346441843699143,0.5469288368739827,10.391647900605673,49
2026-04-16,37.03356471459308,7.406712942918617,1.4813425885837235,28.145509183090745,13
2026-04-17,97.30129763107115,19.46025952621423,3.892051905242846,73.94898619961407,19
2026-04-18,142.42361396307993,28.484722792615987,5.696944558523198,108.24194661194075,23
2026-04-19,87.71345146390216,17.54269029278043,3.5085380585560864,66.66222311256564,4
2026-04-20,6.59598858458144,1.319197716916288,0.2638395433832576,5.012951324281895,34
2026-04-21,125.18638586806591,25.037277173613184,5.007455434722637,95.14165325973009,25
2026-04-22,90.90685240783009,18.181370481566017,3.6362740963132034,69.08920782995087,29
2026-04-23,122.59302656195494,24.51860531239099,4.903721062478198,93.17070018708576,39
2026-04-24,89.54812991406105,17.909625982812212,3.581925196562442,68.0565787346864,39
2026-04-25,54.473368760054974,10.894673752010995,2.178934750402199,41.39976025764178,5
2026-04-26,36.80854641387593,7.361709282775187,1.4723418565550372,27.974495274545706,23
2026-04-27,85.3167718408667,17.063354368173343,3.4126708736346685,64.8407465990587,45
2026-04-28,32.2660222888632,6.45320445777264,1.290640891554528,24.52217693953603,38
2026-04-29,7.921185053090085,1.584237010618017,0.3168474021236034,6.020100640348464,22
2026-04-30,27.88826937404303,5.577653874808607,1.1155307749617211,21.195084724272704,21
2026-05-01,36.978570889720096,7.395714177944019,1.4791428355888039,28.103713876187275,26
2026-05-02,121.08556973434612,24.217113946869226,4.843422789373845,92.02503299810306,46
2026-05-03,52.85542087166321,10.571084174332643,2.1142168348665287,40.17011986246404,48
2026-05-04,60.83639000932132,12.167278001864265,2.4334556003728527,46.23565640708421,6
2026-05-05,21.35762703026549,4.271525406053098,0.8543050812106197,16.231796543001774,38
2026-05-06,92.03022296140858,18.406044592281717,3.6812089184563432,69.94296945067052,16
2026-05-07,21.673215910412925,4.334643182082585,0.866928636416517,16.471644091913824,30
2026-05-08,79.83430038329324,15.966860076658648,3.1933720153317298,60.67406829130286,39
2026-05-09,1.4151061985592923,0.2830212397118585,0.05660424794237169,1.0754807109050621,49
2026-05-10,16.26455555556227,3.2529111111124545,0.6505822222224908,12.361062222227327,44
2026-05-11,112.69294086132345,22.538588172264692,4.507717634452938,85.64663505460582,39
2026-05-12,89.31996904490397,17.863993808980794,3.5727987617961587,67.88317647412701,2
2026-05-13,49.07697996856165,9.81539599371233,1.963079198742466,37.29850477610685,38
2026-05-14,132.27998019169559,26.45599603833912,5.291199207667823,100.53278494568865,44
2026-05-15,129.79432673417224,25.95886534683445,5.1917730693668895,98.64368831797091,8
